{
  "in_sample": {
    "total_return_%": 375.1589203915909,
    "max_drawdown_%": 1.2503785173319002,
    "sharpe_ratio": 1.1651963317213452,
    "sortino_ratio": 2.4354604482633815,
    "calmar_ratio": 18.920818838708385,
    "total_trades": 21,
    "win_rate_%": 90.47619047619048,
    "profit_factor": 85.99694187116062
  },
  "out_of_sample": {
    "total_return_%": 112.86549411762633,
    "max_drawdown_%": 0.9069171214129611,
    "sharpe_ratio": 1.5090459917867787,
    "sortino_ratio": 5.601104345951969,
    "calmar_ratio": 28.793600423875954,
    "total_trades": 14,
    "win_rate_%": 85.71428571428571,
    "profit_factor": 74.45459726754004
  }
}