{
  "in_sample": {
    "total_return_%": 424.09192195640173,
    "max_drawdown_%": 0.36898266729313633,
    "sharpe_ratio": 1.3056291908154865,
    "sortino_ratio": Infinity,
    "calmar_ratio": 69.88804633396248,
    "total_trades": 22,
    "win_rate_%": 95.45454545454545,
    "profit_factor": 307.0535939045612
  },
  "out_of_sample": {
    "total_return_%": 89.48984716835315,
    "max_drawdown_%": 2.0461727800488387,
    "sharpe_ratio": 1.531118425619582,
    "sortino_ratio": 1.68186236776906,
    "calmar_ratio": 11.08254404886064,
    "total_trades": 14,
    "win_rate_%": 78.57142857142857,
    "profit_factor": 23.99631385082996
  }
}