{
  "in_sample": {
    "total_return_%": 391.28356348637584,
    "max_drawdown_%": 1.825987144397233,
    "sharpe_ratio": 1.2171349174110875,
    "sortino_ratio": 2.1098904072019287,
    "calmar_ratio": 13.474548493310143,
    "total_trades": 24,
    "win_rate_%": 83.33333333333334,
    "profit_factor": 56.653223065549376
  },
  "out_of_sample": {
    "total_return_%": 94.45065429360271,
    "max_drawdown_%": 1.9961341108775725,
    "sharpe_ratio": 1.4996880207155334,
    "sortino_ratio": 1.8226405194870259,
    "calmar_ratio": 11.70367764893693,
    "total_trades": 14,
    "win_rate_%": 78.57142857142857,
    "profit_factor": 22.689753831265005
  }
}