{
  "in_sample": {
    "total_return_%": 393.4436037798835,
    "max_drawdown_%": 1.818668746665412,
    "sharpe_ratio": 1.223145811040559,
    "sortino_ratio": 1.9025575046444758,
    "calmar_ratio": 13.567451365554364,
    "total_trades": 24,
    "win_rate_%": 87.5,
    "profit_factor": 61.258124209053726
  },
  "out_of_sample": {
    "total_return_%": 94.37340454100591,
    "max_drawdown_%": 1.9961341108775725,
    "sharpe_ratio": 1.4887686904264665,
    "sortino_ratio": 1.8279463183190288,
    "calmar_ratio": 11.721500032602332,
    "total_trades": 13,
    "win_rate_%": 76.92307692307693,
    "profit_factor": 22.627918988843803
  }
}