{
  "in_sample": {
    "total_return_%": 378.59967026494274,
    "max_drawdown_%": 1.2394140311191282,
    "sharpe_ratio": 1.1774874829661242,
    "sortino_ratio": 2.4773620725275602,
    "calmar_ratio": 19.246751721283136,
    "total_trades": 21,
    "win_rate_%": 90.47619047619048,
    "profit_factor": 86.76785617225735
  },
  "out_of_sample": {
    "total_return_%": 110.33716228115517,
    "max_drawdown_%": 0.9103593229128197,
    "sharpe_ratio": 1.4933208245486116,
    "sortino_ratio": 5.49892390441211,
    "calmar_ratio": 28.394826966102553,
    "total_trades": 14,
    "win_rate_%": 85.71428571428571,
    "profit_factor": 72.84895335252918
  }
}