{
  "in_sample": {
    "total_return_%": 388.66228632416835,
    "max_drawdown_%": 1.2288523473597097,
    "sharpe_ratio": 1.20014268444755,
    "sortino_ratio": 2.502653932450784,
    "calmar_ratio": 19.44363839473295,
    "total_trades": 23,
    "win_rate_%": 91.30434782608695,
    "profit_factor": 89.11204875928891
  },
  "out_of_sample": {
    "total_return_%": 110.573141138544,
    "max_drawdown_%": 0.9069171214129611,
    "sharpe_ratio": 1.4866137269061517,
    "sortino_ratio": 5.503106908973705,
    "calmar_ratio": 28.28982494164353,
    "total_trades": 14,
    "win_rate_%": 85.71428571428571,
    "profit_factor": 72.99881422560445
  }
}