{
  "in_sample": {
    "total_return_%": 373.6199830387286,
    "max_drawdown_%": 1.255345618743708,
    "sharpe_ratio": 1.1569652168264866,
    "sortino_ratio": 2.427601452365188,
    "calmar_ratio": 18.859583873443217,
    "total_trades": 21,
    "win_rate_%": 90.47619047619048,
    "profit_factor": 85.65213656490984
  },
  "out_of_sample": {
    "total_return_%": 110.573141138544,
    "max_drawdown_%": 0.9069171214129611,
    "sharpe_ratio": 1.4914814591051602,
    "sortino_ratio": 5.538934427912336,
    "calmar_ratio": 28.474003489440687,
    "total_trades": 14,
    "win_rate_%": 85.71428571428571,
    "profit_factor": 72.99881422560445
  }
}