{
  "in_sample": {
    "total_return_%": 415.5464017894761,
    "max_drawdown_%": 1.1327531912962285,
    "sharpe_ratio": 1.2892295430984075,
    "sortino_ratio": 2.887196858517145,
    "calmar_ratio": 22.43535307644761,
    "total_trades": 24,
    "win_rate_%": 91.66666666666666,
    "profit_factor": 95.18035732960082
  },
  "out_of_sample": {
    "total_return_%": 87.00120929978222,
    "max_drawdown_%": 2.041994619661249,
    "sharpe_ratio": 1.4851983420051709,
    "sortino_ratio": 1.1941099159192934,
    "calmar_ratio": 10.835800502578355,
    "total_trades": 11,
    "win_rate_%": 81.81818181818183,
    "profit_factor": 30.059084429493513
  }
}