{
  "in_sample": {
    "total_return_%": 378.59967026494274,
    "max_drawdown_%": 1.2394140311191282,
    "sharpe_ratio": 1.1774874829661242,
    "sortino_ratio": 2.4773620725275602,
    "calmar_ratio": 19.246751721283136,
    "total_trades": 21,
    "win_rate_%": 90.47619047619048,
    "profit_factor": 86.76785617225735
  },
  "out_of_sample": {
    "total_return_%": 110.95631140750717,
    "max_drawdown_%": 0.9069171214129611,
    "sharpe_ratio": 1.495867144066795,
    "sortino_ratio": 5.559002615379639,
    "calmar_ratio": 28.57716803262271,
    "total_trades": 14,
    "win_rate_%": 85.71428571428571,
    "profit_factor": 73.24215056377773
  }
}