{
  "in_sample": {
    "total_return_%": 378.73560972145856,
    "max_drawdown_%": 1.23898478618083,
    "sharpe_ratio": 1.1815977176470336,
    "sortino_ratio": 2.4939699508093973,
    "calmar_ratio": 19.37579508616502,
    "total_trades": 22,
    "win_rate_%": 90.9090909090909,
    "profit_factor": 86.84312480289407
  },
  "out_of_sample": {
    "total_return_%": 105.79433020372022,
    "max_drawdown_%": 0.93128552911485,
    "sharpe_ratio": 1.4609506676931603,
    "sortino_ratio": 7.2902452674859015,
    "calmar_ratio": 27.1120463373438,
    "total_trades": 13,
    "win_rate_%": 76.92307692307693,
    "profit_factor": 49.250986704358624
  }
}