{
  "in_sample": {
    "total_return_%": 418.5226674192749,
    "max_drawdown_%": 0.5455629637107294,
    "sharpe_ratio": 1.294644037434284,
    "sortino_ratio": 11.455868831998103,
    "calmar_ratio": 46.75799116077029,
    "total_trades": 24,
    "win_rate_%": 91.66666666666666,
    "profit_factor": 218.67542697651174
  },
  "out_of_sample": {
    "total_return_%": 87.00120929978222,
    "max_drawdown_%": 2.041994619661249,
    "sharpe_ratio": 1.4851983420051709,
    "sortino_ratio": 1.1941099159192934,
    "calmar_ratio": 10.835800502578355,
    "total_trades": 11,
    "win_rate_%": 81.81818181818183,
    "profit_factor": 30.059084429493513
  }
}