{
  "in_sample": {
    "total_return_%": 384.93762342683533,
    "max_drawdown_%": 1.2405277110438124,
    "sharpe_ratio": 1.1826854013185355,
    "sortino_ratio": 2.4792270295638152,
    "calmar_ratio": 19.26119961834688,
    "total_trades": 22,
    "win_rate_%": 90.9090909090909,
    "profit_factor": 88.23271173512148
  },
  "out_of_sample": {
    "total_return_%": 112.86549411762633,
    "max_drawdown_%": 0.9069171214129611,
    "sharpe_ratio": 1.508059467830608,
    "sortino_ratio": 5.59383961917382,
    "calmar_ratio": 28.756254638630978,
    "total_trades": 14,
    "win_rate_%": 85.71428571428571,
    "profit_factor": 74.45459726754004
  }
}