{
  "in_sample": {
    "total_return_%": 407.23109486156346,
    "max_drawdown_%": 1.1551259842336812,
    "sharpe_ratio": 1.2689518008479685,
    "sortino_ratio": 2.8020559833176755,
    "calmar_ratio": 21.772823927088794,
    "total_trades": 24,
    "win_rate_%": 91.66666666666666,
    "profit_factor": 93.31727827279866
  },
  "out_of_sample": {
    "total_return_%": 86.70365873602306,
    "max_drawdown_%": 2.041994619661249,
    "sharpe_ratio": 1.4830927906592108,
    "sortino_ratio": 1.189415135399603,
    "calmar_ratio": 10.793198306217233,
    "total_trades": 11,
    "win_rate_%": 81.81818181818183,
    "profit_factor": 29.96215136073588
  }
}