{
  "in_sample": {
    "total_return_%": 397.29814866066545,
    "max_drawdown_%": 1.2267219139359453,
    "sharpe_ratio": 1.2387781570160123,
    "sortino_ratio": 2.8424747671885022,
    "calmar_ratio": 20.205842627319228,
    "total_trades": 24,
    "win_rate_%": 87.5,
    "profit_factor": 69.56117743120838
  },
  "out_of_sample": {
    "total_return_%": 91.30607681770395,
    "max_drawdown_%": 2.0410012212303648,
    "sharpe_ratio": 1.4729776150069043,
    "sortino_ratio": 1.7425947201297962,
    "calmar_ratio": 11.186930604757217,
    "total_trades": 13,
    "win_rate_%": 76.92307692307693,
    "profit_factor": 21.943814766394258
  }
}