{
  "in_sample": {
    "total_return_%": 373.6199830387286,
    "max_drawdown_%": 1.255345618743708,
    "sharpe_ratio": 1.1563170631226904,
    "sortino_ratio": 2.424895096231002,
    "calmar_ratio": 18.838558696326782,
    "total_trades": 21,
    "win_rate_%": 90.47619047619048,
    "profit_factor": 85.65213656490984
  },
  "out_of_sample": {
    "total_return_%": 112.86549411762633,
    "max_drawdown_%": 0.9069171214129611,
    "sharpe_ratio": 1.5100344543617534,
    "sortino_ratio": 5.608387966687926,
    "calmar_ratio": 28.83104333730102,
    "total_trades": 14,
    "win_rate_%": 85.71428571428571,
    "profit_factor": 74.45459726754004
  }
}