{
  "in_sample": {
    "total_return_%": 412.1610859927159,
    "max_drawdown_%": 0.5537596078040474,
    "sharpe_ratio": 1.2920700187554386,
    "sortino_ratio": 11.210520878242471,
    "calmar_ratio": 45.75433269618366,
    "total_trades": 24,
    "win_rate_%": 91.66666666666666,
    "profit_factor": 215.40425805538106
  },
  "out_of_sample": {
    "total_return_%": 85.23715258396895,
    "max_drawdown_%": 2.041994619661249,
    "sharpe_ratio": 1.478379385765933,
    "sortino_ratio": 1.177852930121726,
    "calmar_ratio": 10.683262362238477,
    "total_trades": 11,
    "win_rate_%": 81.81818181818183,
    "profit_factor": 29.484407545114582
  }
}