{
  "in_sample": {
    "total_return_%": 388.45295138387274,
    "max_drawdown_%": 1.209052769810508,
    "sharpe_ratio": 1.2221844203798913,
    "sortino_ratio": 3.6656014868898885,
    "calmar_ratio": 20.177173067945514,
    "total_trades": 23,
    "win_rate_%": 86.95652173913044,
    "profit_factor": 78.78127459447586
  },
  "out_of_sample": {
    "total_return_%": 90.70688189604408,
    "max_drawdown_%": 2.1006650812036516,
    "sharpe_ratio": 1.456951647690848,
    "sortino_ratio": 1.504033997576899,
    "calmar_ratio": 10.779208710729922,
    "total_trades": 15,
    "win_rate_%": 80.0,
    "profit_factor": 24.123966120707333
  }
}