{
  "in_sample": {
    "total_return_%": 402.8424623576233,
    "max_drawdown_%": 1.1672938960755899,
    "sharpe_ratio": 1.266961902003161,
    "sortino_ratio": 2.7556440243548717,
    "calmar_ratio": 21.411691118015963,
    "total_trades": 24,
    "win_rate_%": 91.66666666666666,
    "profit_factor": 92.33398693106288
  },
  "out_of_sample": {
    "total_return_%": 86.3340082357563,
    "max_drawdown_%": 2.041994619661249,
    "sharpe_ratio": 1.4756845429543344,
    "sortino_ratio": 1.3925618591829745,
    "calmar_ratio": 10.747533024038397,
    "total_trades": 12,
    "win_rate_%": 75.0,
    "profit_factor": 28.392956262955437
  }
}