{
  "in_sample": {
    "total_return_%": 422.5811641578763,
    "max_drawdown_%": 0.5424232832468756,
    "sharpe_ratio": 1.305723705069919,
    "sortino_ratio": 11.6325018650411,
    "calmar_ratio": 47.479827327913746,
    "total_trades": 23,
    "win_rate_%": 91.30434782608695,
    "profit_factor": 220.65949253620136
  },
  "out_of_sample": {
    "total_return_%": 89.67390720853334,
    "max_drawdown_%": 2.045734891114436,
    "sharpe_ratio": 1.5325929177170559,
    "sortino_ratio": 1.6848138041067793,
    "calmar_ratio": 11.101568316688088,
    "total_trades": 14,
    "win_rate_%": 78.57142857142857,
    "profit_factor": 24.042176993756808
  }
}