{
  "in_sample": {
    "total_return_%": 389.75191857403973,
    "max_drawdown_%": 1.2051608335559654,
    "sharpe_ratio": 1.228925548773016,
    "sortino_ratio": 3.6853334937314814,
    "calmar_ratio": 20.27541185742482,
    "total_trades": 23,
    "win_rate_%": 86.95652173913044,
    "profit_factor": 79.03832729781229
  },
  "out_of_sample": {
    "total_return_%": 90.29429211995618,
    "max_drawdown_%": 2.1006650812036516,
    "sharpe_ratio": 1.4522977675527193,
    "sortino_ratio": 1.4992349358871777,
    "calmar_ratio": 10.744814483170892,
    "total_trades": 14,
    "win_rate_%": 78.57142857142857,
    "profit_factor": 23.972797871998953
  }
}