{
  "in_sample": {
    "total_return_%": 392.87003406802387,
    "max_drawdown_%": 1.8037123115521012,
    "sharpe_ratio": 1.2195852921702353,
    "sortino_ratio": 2.1417521267616513,
    "calmar_ratio": 13.675792925710196,
    "total_trades": 24,
    "win_rate_%": 83.33333333333334,
    "profit_factor": 56.87613613063653
  },
  "out_of_sample": {
    "total_return_%": 95.29894843010834,
    "max_drawdown_%": 1.9961341108775725,
    "sharpe_ratio": 1.5086124809048,
    "sortino_ratio": 1.8340601938277528,
    "calmar_ratio": 11.777006528609439,
    "total_trades": 14,
    "win_rate_%": 78.57142857142857,
    "profit_factor": 22.878948352689655
  }
}