{
  "in_sample": {
    "total_return_%": 390.51215887768,
    "max_drawdown_%": 1.2028946204187245,
    "sharpe_ratio": 1.229483135454099,
    "sortino_ratio": 3.6917327296879274,
    "calmar_ratio": 20.30921850335264,
    "total_trades": 23,
    "win_rate_%": 86.95652173913044,
    "profit_factor": 79.18877130187595
  },
  "out_of_sample": {
    "total_return_%": 90.70688189604408,
    "max_drawdown_%": 2.1006650812036516,
    "sharpe_ratio": 1.4559821726184448,
    "sortino_ratio": 1.5020471627055954,
    "calmar_ratio": 10.764969333304913,
    "total_trades": 15,
    "win_rate_%": 80.0,
    "profit_factor": 24.123966120707333
  }
}