{
  "in_sample": {
    "total_return_%": 386.09426157217905,
    "max_drawdown_%": 1.4206336392589771,
    "sharpe_ratio": 1.204937830202758,
    "sortino_ratio": 2.3495943547616798,
    "calmar_ratio": 17.10176906845801,
    "total_trades": 23,
    "win_rate_%": 82.6086956521739,
    "profit_factor": 66.31896204639096
  },
  "out_of_sample": {
    "total_return_%": 101.2817908819688,
    "max_drawdown_%": 2.1006650812036516,
    "sharpe_ratio": 1.4196065488266065,
    "sortino_ratio": 1.6350171237534308,
    "calmar_ratio": 11.717947101561089,
    "total_trades": 13,
    "win_rate_%": 76.92307692307693,
    "profit_factor": 26.63481960244865
  }
}