{
  "in_sample": {
    "total_return_%": 412.2187375949311,
    "max_drawdown_%": 0.5536842202530053,
    "sharpe_ratio": 1.2943912572913197,
    "sortino_ratio": 11.231479987718707,
    "calmar_ratio": 45.839895423907805,
    "total_trades": 23,
    "win_rate_%": 91.30434782608695,
    "profit_factor": 215.3310615302431
  },
  "out_of_sample": {
    "total_return_%": 90.82620510928543,
    "max_drawdown_%": 2.0414868548109535,
    "sharpe_ratio": 1.5082665419728318,
    "sortino_ratio": 1.2354632431167807,
    "calmar_ratio": 11.221365332342131,
    "total_trades": 12,
    "win_rate_%": 83.33333333333334,
    "profit_factor": 31.37030760656538
  }
}