{
  "in_sample": {
    "total_return_%": 396.65140919130585,
    "max_drawdown_%": 1.2725054490807965,
    "sharpe_ratio": 1.224388693909438,
    "sortino_ratio": 2.7449777706121425,
    "calmar_ratio": 19.5090706765325,
    "total_trades": 24,
    "win_rate_%": 83.33333333333334,
    "profit_factor": 88.77881592977732
  },
  "out_of_sample": {
    "total_return_%": 92.64187606966068,
    "max_drawdown_%": 2.041994619661249,
    "sharpe_ratio": 1.5207617503472608,
    "sortino_ratio": 1.5725415795904973,
    "calmar_ratio": 11.270689082754364,
    "total_trades": 14,
    "win_rate_%": 78.57142857142857,
    "profit_factor": 27.60689950369482
  }
}