{
  "in_sample": {
    "total_return_%": 382.47095508846877,
    "max_drawdown_%": 2.460362458604759,
    "sharpe_ratio": 1.1838455767353961,
    "sortino_ratio": 1.5571354378189615,
    "calmar_ratio": 9.840538371894265,
    "total_trades": 24,
    "win_rate_%": 79.16666666666666,
    "profit_factor": 47.98925143386653
  },
  "out_of_sample": {
    "total_return_%": 101.68844331910631,
    "max_drawdown_%": 2.1006650812036516,
    "sharpe_ratio": 1.4186359458772968,
    "sortino_ratio": 1.6401356673277943,
    "calmar_ratio": 11.754631012677407,
    "total_trades": 13,
    "win_rate_%": 76.92307692307693,
    "profit_factor": 26.735168872310197
  }
}