{
  "in_sample": {
    "total_return_%": 378.24741277080653,
    "max_drawdown_%": 1.2405277110438124,
    "sharpe_ratio": 1.1736500626144502,
    "sortino_ratio": 2.460251910906756,
    "calmar_ratio": 19.113781272274824,
    "total_trades": 21,
    "win_rate_%": 90.47619047619048,
    "profit_factor": 86.6889314175109
  },
  "out_of_sample": {
    "total_return_%": 112.86549411762633,
    "max_drawdown_%": 0.9069171214129611,
    "sharpe_ratio": 1.508059467830608,
    "sortino_ratio": 5.59383961917382,
    "calmar_ratio": 28.756254638630978,
    "total_trades": 14,
    "win_rate_%": 85.71428571428571,
    "profit_factor": 74.45459726754004
  }
}