{
  "in_sample": {
    "total_return_%": 376.89961987201286,
    "max_drawdown_%": 1.2448073689565338,
    "sharpe_ratio": 1.171441007344138,
    "sortino_ratio": 2.4490601845387134,
    "calmar_ratio": 19.026676536603247,
    "total_trades": 21,
    "win_rate_%": 90.47619047619048,
    "profit_factor": 86.3869528201581
  },
  "out_of_sample": {
    "total_return_%": 112.86549411762633,
    "max_drawdown_%": 0.9069171214129611,
    "sharpe_ratio": 1.5090459917867787,
    "sortino_ratio": 5.601104345951969,
    "calmar_ratio": 28.793600423875954,
    "total_trades": 14,
    "win_rate_%": 85.71428571428571,
    "profit_factor": 74.45459726754004
  }
}