{
  "in_sample": {
    "total_return_%": 386.92078125173674,
    "max_drawdown_%": 1.213675858585707,
    "sharpe_ratio": 1.220102299217922,
    "sortino_ratio": 2.56778465535783,
    "calmar_ratio": 19.950231695618466,
    "total_trades": 22,
    "win_rate_%": 90.9090909090909,
    "profit_factor": 88.67704648330795
  },
  "out_of_sample": {
    "total_return_%": 104.21116234761195,
    "max_drawdown_%": 0.7027671611891306,
    "sharpe_ratio": 1.4579981254368761,
    "sortino_ratio": 14.009482106951102,
    "calmar_ratio": 35.62845656218567,
    "total_trades": 13,
    "win_rate_%": 76.92307692307693,
    "profit_factor": 57.49589261489825
  }
}