{
  "in_sample": {
    "total_return_%": 388.37373826686604,
    "max_drawdown_%": 1.2092909197209245,
    "sharpe_ratio": 1.2217380896667476,
    "sortino_ratio": 3.656063644107957,
    "calmar_ratio": 20.122961143044094,
    "total_trades": 23,
    "win_rate_%": 86.95652173913044,
    "profit_factor": 78.76559910550243
  },
  "out_of_sample": {
    "total_return_%": 100.24038290383474,
    "max_drawdown_%": 2.1006650812036516,
    "sharpe_ratio": 1.48710569715194,
    "sortino_ratio": 1.6159963883171526,
    "calmar_ratio": 11.581628057291125,
    "total_trades": 14,
    "win_rate_%": 78.57142857142857,
    "profit_factor": 26.427186084115917
  }
}