{
  "in_sample": {
    "total_return_%": 376.5127977645807,
    "max_drawdown_%": 1.2460411073461786,
    "sharpe_ratio": 1.1678392288750956,
    "sortino_ratio": 2.4675065791291764,
    "calmar_ratio": 19.16994077030121,
    "total_trades": 21,
    "win_rate_%": 90.47619047619048,
    "profit_factor": 86.30028372023038
  },
  "out_of_sample": {
    "total_return_%": 109.9087868113251,
    "max_drawdown_%": 0.9103593229128197,
    "sharpe_ratio": 1.491023950700355,
    "sortino_ratio": 5.491558786226112,
    "calmar_ratio": 28.356795660321342,
    "total_trades": 13,
    "win_rate_%": 84.61538461538461,
    "profit_factor": 72.44989685412155
  }
}