{
  "in_sample": {
    "total_return_%": 404.42810404660145,
    "max_drawdown_%": 0.5640610786413139,
    "sharpe_ratio": 1.2643231831343091,
    "sortino_ratio": 10.870114438544181,
    "calmar_ratio": 44.36226148575984,
    "total_trades": 23,
    "win_rate_%": 91.30434782608695,
    "profit_factor": 211.32506417983288
  },
  "out_of_sample": {
    "total_return_%": 87.5777103664972,
    "max_drawdown_%": 2.041994619661249,
    "sharpe_ratio": 1.480725443824397,
    "sortino_ratio": 1.4056166776760093,
    "calmar_ratio": 10.849397019318976,
    "total_trades": 13,
    "win_rate_%": 76.92307692307693,
    "profit_factor": 28.838639604781363
  }
}