{
  "in_sample": {
    "total_return_%": 400.1190251994796,
    "max_drawdown_%": 1.1749746409194854,
    "sharpe_ratio": 1.2550014458798466,
    "sortino_ratio": 2.7265013135614007,
    "calmar_ratio": 21.184937718380404,
    "total_trades": 23,
    "win_rate_%": 91.30434782608695,
    "profit_factor": 91.67897869258985
  },
  "out_of_sample": {
    "total_return_%": 87.5777103664972,
    "max_drawdown_%": 2.041994619661249,
    "sharpe_ratio": 1.480725443824397,
    "sortino_ratio": 1.4056166776760093,
    "calmar_ratio": 10.849397019318976,
    "total_trades": 13,
    "win_rate_%": 76.92307692307693,
    "profit_factor": 28.838639604781363
  }
}