{
  "in_sample": {
    "total_return_%": 417.8706025891865,
    "max_drawdown_%": 0.5483993128877129,
    "sharpe_ratio": 1.2980667962466563,
    "sortino_ratio": 11.43215983461582,
    "calmar_ratio": 46.660426335489426,
    "total_trades": 23,
    "win_rate_%": 91.30434782608695,
    "profit_factor": 218.23728938082883
  },
  "out_of_sample": {
    "total_return_%": 92.75518784167774,
    "max_drawdown_%": 2.0461727800488387,
    "sharpe_ratio": 1.549840927236687,
    "sortino_ratio": 1.7270696057528268,
    "calmar_ratio": 11.380434777545531,
    "total_trades": 14,
    "win_rate_%": 78.57142857142857,
    "profit_factor": 24.809954801135934
  }
}