{
  "in_sample": {
    "total_return_%": 412.2140248442616,
    "max_drawdown_%": 0.5536903820647147,
    "sharpe_ratio": 1.2902439693570964,
    "sortino_ratio": 11.187581999749767,
    "calmar_ratio": 45.66072952956335,
    "total_trades": 24,
    "win_rate_%": 91.66666666666666,
    "profit_factor": 215.43147957693128
  },
  "out_of_sample": {
    "total_return_%": 87.00120929978222,
    "max_drawdown_%": 2.041994619661249,
    "sharpe_ratio": 1.4851983420051709,
    "sortino_ratio": 1.1941099159192934,
    "calmar_ratio": 10.835800502578355,
    "total_trades": 11,
    "win_rate_%": 81.81818181818183,
    "profit_factor": 30.059084429493513
  }
}