{
  "in_sample": {
    "total_return_%": 418.03807910814913,
    "max_drawdown_%": 0.5461787889404973,
    "sharpe_ratio": 1.2944726642308395,
    "sortino_ratio": 11.436055510430444,
    "calmar_ratio": 46.67694898177013,
    "total_trades": 24,
    "win_rate_%": 91.66666666666666,
    "profit_factor": 218.42624833418864
  },
  "out_of_sample": {
    "total_return_%": 86.65547693788751,
    "max_drawdown_%": 2.041994619661249,
    "sharpe_ratio": 1.4842406392787135,
    "sortino_ratio": 1.1927080206584535,
    "calmar_ratio": 10.817999752247148,
    "total_trades": 11,
    "win_rate_%": 81.81818181818183,
    "profit_factor": 29.946455172859313
  }
}