{
  "in_sample": {
    "total_return_%": 385.0320502800331,
    "max_drawdown_%": 1.240228979465605,
    "sharpe_ratio": 1.1807249774803963,
    "sortino_ratio": 2.4748801165547776,
    "calmar_ratio": 19.227439294092328,
    "total_trades": 23,
    "win_rate_%": 91.30434782608695,
    "profit_factor": 88.29867929455233
  },
  "out_of_sample": {
    "total_return_%": 110.573141138544,
    "max_drawdown_%": 0.9069171214129611,
    "sharpe_ratio": 1.4866137269061517,
    "sortino_ratio": 5.503106908973705,
    "calmar_ratio": 28.28982494164353,
    "total_trades": 14,
    "win_rate_%": 85.71428571428571,
    "profit_factor": 72.99881422560445
  }
}