{
  "in_sample": {
    "total_return_%": 385.2898809209716,
    "max_drawdown_%": 1.2394140311191282,
    "sharpe_ratio": 1.1828884644284918,
    "sortino_ratio": 2.4811725302344128,
    "calmar_ratio": 19.276355360670987,
    "total_trades": 22,
    "win_rate_%": 90.9090909090909,
    "profit_factor": 88.31163648986794
  },
  "out_of_sample": {
    "total_return_%": 112.86549411762633,
    "max_drawdown_%": 0.9069171214129611,
    "sharpe_ratio": 1.5070748761645847,
    "sortino_ratio": 5.586593712931368,
    "calmar_ratio": 28.71900560412498,
    "total_trades": 14,
    "win_rate_%": 85.71428571428571,
    "profit_factor": 74.45459726754004
  }
}