{
  "in_sample": {
    "total_return_%": 388.64461095009693,
    "max_drawdown_%": 1.2084769436420522,
    "sharpe_ratio": 1.2145728804147427,
    "sortino_ratio": 5.0058318934975015,
    "calmar_ratio": 20.275788672526367,
    "total_trades": 25,
    "win_rate_%": 80.0,
    "profit_factor": 66.98999267433396
  },
  "out_of_sample": {
    "total_return_%": 95.75793063671077,
    "max_drawdown_%": 1.9961341108775725,
    "sharpe_ratio": 1.5156625247139528,
    "sortino_ratio": 2.3780684431235444,
    "calmar_ratio": 11.814686141716178,
    "total_trades": 14,
    "win_rate_%": 85.71428571428571,
    "profit_factor": 25.643672016661977
  }
}