{
  "in_sample": {
    "total_return_%": 386.97260113865025,
    "max_drawdown_%": 1.2135189224342042,
    "sharpe_ratio": 1.2206908623538393,
    "sortino_ratio": 2.56967730386263,
    "calmar_ratio": 19.964942494800432,
    "total_trades": 22,
    "win_rate_%": 90.9090909090909,
    "profit_factor": 88.6886569442171
  },
  "out_of_sample": {
    "total_return_%": 101.06967818788503,
    "max_drawdown_%": 2.1105143934587214,
    "sharpe_ratio": 1.4077338554032235,
    "sortino_ratio": 2.159619286290946,
    "calmar_ratio": 11.64022361102731,
    "total_trades": 13,
    "win_rate_%": 76.92307692307693,
    "profit_factor": 23.19367682243326
  }
}