{
  "in_sample": {
    "total_return_%": 393.17153456418436,
    "max_drawdown_%": 1.8145272004081163,
    "sharpe_ratio": 1.2270359629534136,
    "sortino_ratio": 1.9068969571194787,
    "calmar_ratio": 13.594050015508547,
    "total_trades": 25,
    "win_rate_%": 88.0,
    "profit_factor": 61.247219436924226
  },
  "out_of_sample": {
    "total_return_%": 91.30607681770395,
    "max_drawdown_%": 2.0410012212303648,
    "sharpe_ratio": 1.4729776150069043,
    "sortino_ratio": 1.7425947201297962,
    "calmar_ratio": 11.186930604757217,
    "total_trades": 13,
    "win_rate_%": 76.92307692307693,
    "profit_factor": 21.943814766394258
  }
}