{
  "in_sample": {
    "total_return_%": 413.25322216283286,
    "max_drawdown_%": 0.5523349668123406,
    "sharpe_ratio": 1.2901168556038243,
    "sortino_ratio": 11.223874239217968,
    "calmar_ratio": 45.80922471670469,
    "total_trades": 24,
    "win_rate_%": 91.66666666666666,
    "profit_factor": 215.96584198519042
  },
  "out_of_sample": {
    "total_return_%": 86.70365873602306,
    "max_drawdown_%": 2.041994619661249,
    "sharpe_ratio": 1.4830927906592108,
    "sortino_ratio": 1.189415135399603,
    "calmar_ratio": 10.793198306217233,
    "total_trades": 11,
    "win_rate_%": 81.81818181818183,
    "profit_factor": 29.96215136073588
  }
}