{
  "in_sample": {
    "total_return_%": 390.17630274517944,
    "max_drawdown_%": 1.2038947278382073,
    "sharpe_ratio": 1.2234278673855945,
    "sortino_ratio": 3.653776926730272,
    "calmar_ratio": 20.347793032981258,
    "total_trades": 23,
    "win_rate_%": 86.95652173913044,
    "profit_factor": 82.08994236177175
  },
  "out_of_sample": {
    "total_return_%": 97.40405471081195,
    "max_drawdown_%": 1.9997607986261263,
    "sharpe_ratio": 1.5593993827259844,
    "sortino_ratio": 1.659366368783885,
    "calmar_ratio": 11.896867225095585,
    "total_trades": 15,
    "win_rate_%": 80.0,
    "profit_factor": 25.776621658269853
  }
}